username,email,realName,passportNumber,password,rankId
awhybray0,awhybray0@wisc.edu,Aleda Whybray,5331675OR,$2a$04$.ST98MudgEzor2DrxB7TXu7.kVUuq3b/sEhgaYK0Iv8JE7abSRf.W,2
lde1,lde1@tiny.cc,Lauritz De Ath,3883493BN,$2a$04$K.L22jWNYD1KydhAIpgj8OZCd9auEUP5gXKFnIJ4iU4mTA0Bvfk9S,2
chaville2,chaville2@nasa.gov,Candra Haville,3718141RK,$2a$04$2XuVyTt/2B1SxvUsZl60/ux3/qOTSlE6M/oWtlU0SPteZFWVAC1da,2
efairburn3,efairburn3@homestead.com,Edik Fairburn,6237805WV,$2a$04$EGffWTnrBTi/b/kBRN7tmes16jj7mIZo2tJrmuM/JXg9qQK.KAPMG,2
rruncie4,rruncie4@dmoz.org,Rodrigo Runcie,690720SS,$2a$04$TIZQT3jtC8fSzlsC4pKNpOqZFpBHDvuyALZwlxdBHSZ0sUEM.laWa,1
akitchingman5,akitchingman5@slashdot.org,Anatole Kitchingman,877058NR,$2a$04$IkNzuA60pCDNMwv/Ideu.OsDyXPxP3ogC8KO9XGem9gpPba6y0nHu,1
dclever6,dclever6@vkontakte.ru,Deane Clever,4380410CX,$2a$04$85Z96vN1Zs/IMRrBdIzVRuJA1WAD.KCeN8xevpPOLljhIks8v8G2u,1
kflynn7,kflynn7@devhub.com,Kimberlyn Flynn,871217UP,$2a$04$D8OjOQgD635v0jkmO..NK.XeeeeJU1M1AkCUIc2NJ/VpFWR4c3qhq,1
tvilliers8,tvilliers8@hugedomains.com,Torey Villiers,423802HO,$2a$04$3XyDefIApii1hohcrCH6Re0dp8zeb7yf49dl3CfK7z5gZAqXe76wu,2
bnicol9,bnicol9@prweb.com,Brit Nicol,9417791KB,$2a$04$JdU4HZIOvvc6V8Zf0wT3zufb.PGrjxvG9uFrY34LJtI8gzfhf83Re,1
kmathea,kmathea@harvard.edu,Kara-lynn Mathe,2605358GO,$2a$04$nuWfyBgWd0p8a54YnCnBtuz434PTdly0hlEE8AP0IbB6GoI4OfFfe,1
ihaylandsb,ihaylandsb@ovh.net,Iago Haylands,3373235CJ,$2a$04$tkTTl6EliQ8ivEzqlIg1NedkiLKOIXZRu6ta8duvMO.4ky6DXHLIu,1
scorrec,scorrec@msn.com,Stefa Corre,4037011VK,$2a$04$LBhtC0wVPFXyNyCixteZs.Q/Uv8dPnrpctXBlJ2TRnY1UM0dBxiDe,1
gkubald,gkubald@mlb.com,Gussy Kubal,3253866FT,$2a$04$AU1pOr6QxIWZlllC61SDtO76nCfbDFFPHqVDWGvbC4t1W4UsrkxlC,1
kdomeneye,kdomeneye@utexas.edu,Karyn Domeney,625909IU,$2a$04$wUt3KG6lkJnndYbRyZWFWOVeWGs.fx8alt98dKvLYnKRi72aVH2La,2
mstabbinsf,mstabbinsf@huffingtonpost.com,Mike Stabbins,7403138CU,$2a$04$8kLIsoSaiMTxE8XjUx7UD.S6j5rDzOllQcam1aIqrTeDDaWjJBj5u,2
wwinterbourneg,wwinterbourneg@netlog.com,Wynnie Winterbourne,406622CJ,$2a$04$0A9YqP9txUKxvXBLTuUL2OVk3Et6FlsG.l.z86aH0RjoWoduy82WO,2
ncholwellh,ncholwellh@wikia.com,Nickolai Cholwell,8692332UQ,$2a$04$5/XWqi57vTTTwQiROE2YI.wQ/vkyH.Gy2htCskdjlVlD7NDKp26TK,1
rwestcarri,rwestcarri@macromedia.com,Ramsey Westcarr,271549NV,$2a$04$U8jX/3JLV8G.qqfO6FNoB.VJnLoHLuerBH5a0BYWIdbFvgQWMSEGa,2
kdowallj,kdowallj@networksolutions.com,Kahaleel Dowall,1283974AA,$2a$04$ybH07lPf/KRQYx0ghPe06erCK7XQJ7Dw3QWcopEVGyPgFd3WsqtHG,1
cjanuaryk,cjanuaryk@blogger.com,Christophorus January 1st,352433EU,$2a$04$YyvRQ7u5.Pc.6LelBm9z4eoiuTMvsE.5QsXRx9a2jjg3OYUWkrOcy,1
aguyerl,aguyerl@about.me,Ansell Guyer,288437LT,$2a$04$hMd4MzmN0enHo.2t42tPBOl5/lZpKevtPmBUeDXjjlBDENEnSgEhO,2
sselbiem,sselbiem@ebay.co.uk,Sayres Selbie,276074GF,$2a$04$.XraG.A/eLIfDxaWQpiecOMNvMoNFsG.zcCALlmeWH8Gok.HCzG6O,2
zparysiakn,zparysiakn@histats.com,Zared Parysiak,182583RE,$2a$04$IpErYQbxhllPHh9yCl/jlOWSLdBTcJsstzcomJEz0JVZPtUCFnwMG,2
fkeppieo,fkeppieo@vk.com,Faustina Keppie,6990754FZ,$2a$04$0GV3bFSrjQxaLFY2bAoQr.oEzHy5FgghRsC/QJBseeJp64V62mteS,2
